feature,count,share
siem_unique_destination_addr,2,0.13333333333333333
siem_unique_hours,2,0.13333333333333333
siem_events_total,2,0.13333333333333333
siem_unique_source_process,2,0.13333333333333333
siem_night_share,1,0.06666666666666667
siem_unique_category,1,0.06666666666666667
siem_business_share,1,0.06666666666666667
pan_share_of_all_events,1,0.06666666666666667
siem_unique_name,1,0.06666666666666667
siem_unique_event_class,1,0.06666666666666667
siem_unique_users,1,0.06666666666666667
